samples,wf_pcred,ccf_pcred,lf_pcred,cagg_pcred
1,-14.048189722960336,-5.08718199422894,-18.517683857366407,-1.685733201920292
2,-12.129517899272614,-4.3770500676103445,-16.69878296851044,-1.450417664201642
3,-12.76460527164035,-4.9637934484829564,-17.300845797515052,-1.6448460922126595
4,-11.649714051924075,-4.1410559217134875,-16.243928921224025,-1.3722165761241079
5,-14.034523894421437,-4.112655445092328,-18.504728651911527,-1.3628055453324017
6,-13.760582625251272,-5.520198307017843,-18.24503232873821,-1.829221281621296
7,-14.650220250234181,-4.412514151195445,-19.088408797222012,-1.4621693536916003
8,-14.674355018467388,-5.297432070562325,-19.111288557507088,-1.7554035095254883
9,-12.338315909806807,-3.211256776241611,-16.896723482496856,-1.0641101839374056
10,-14.616828132062587,-3.785900292008837,-19.05675306919533,-1.2545290946223364
11,-13.287234662810366,-5.788431010042771,-17.79629846034423,-1.9181052204783722
12,-14.14853055785299,-4.516898049511509,-18.61280696884464,-1.4967589168990658
13,-12.682626441582812,-3.460750783174271,-17.22312986662051,-1.1467847042599844
14,-14.000407511829183,-4.37774467232056,-18.472386321214074,-1.4506478345048812
15,-14.626490583421392,-5.236809055467074,-19.065913073083486,-1.735314936035759
16,-13.505706425380637,-4.415544501200131,-18.003409691260853,-1.4631735170225313
17,-12.062392837617065,-4.401065347771627,-16.635148410060985,-1.4583755778692309
18,-12.572842161867348,-4.955433088273519,-17.119054369450247,-1.6420757299962174
19,-14.366829558094318,-3.9370067834026634,-18.81975442107342,-1.3046010656776685
20,-14.720894370492864,-4.1466347627744256,-19.155407863227236,-1.3740652297825284
21,-14.664727284411628,-4.3580760860696515,-19.102161465622224,-1.4441302794192534
22,-12.8315731969603,-4.063672958653353,-17.36433139071837,-1.3465742794181113
23,-13.57930998425404,-4.18052123138305,-18.073185865072837,-1.385294146950078
24,-12.80252011252786,-2.928343287478641,-17.336789066676417,-0.9703614912781267
25,-15.422657721383349,-5.563372166658597,-19.82067951987142,-1.8435277500617575
26,-12.901134406982418,-3.9674250023324364,-17.43027541781934,-1.3146807132411675
27,-13.658520460662027,-3.655454961740434,-18.148277396707602,-1.2113035869604438
28,-13.680218208690697,-5.138534143424023,-18.168846861838784,-1.7027497000495884
29,-14.5518612170372,-3.8032680359526894,-18.995164433751267,-1.2602842224400002
30,-12.761671163171506,-3.621840541364474,-17.298064262686598,-1.200164818079097
31,-11.918205731509946,-4.368714392352846,-16.498459033471434,-1.447655481807164
32,-13.24905537062092,-4.858455817681174,-17.76010449134864,-1.6099404918516802
33,-13.982167821677082,-3.22413792464612,-18.45509509494988,-1.0683785941434931
34,-12.755095057241938,-4.345341158870964,-17.29183011426536,-1.4399103223531995
35,-14.051308181142275,-4.284800514119302,-18.52064015572288,-1.4198490438223188
36,-12.523892275312122,-5.4112356172184795,-17.072649876995893,-1.7931144499463647
37,-12.383662937439277,-4.349170978039174,-16.939712464692434,-1.4411794047914706
38,-12.85564048403469,-4.767136017760853,-17.387147178864893,-1.5796799627624925
39,-12.069069445445779,-4.456182579829415,-16.641477834282604,-1.4766397068473491
40,-12.579542828400026,-5.998695834872947,-17.125406601323224,-1.9877804152746759
41,-14.39112355957577,-3.3104202499649737,-18.842785134477836,-1.0969698615079904
42,-13.073473380459033,-4.363398386984063,-17.59365276467517,-1.4458939236867918
43,-14.204729277590056,-4.665328314011708,-18.666083355155372,-1.5459440699605365
44,-12.515894227161473,-3.0895138263060007,-17.06506772734908,-1.023768373277012
45,-13.223920054862015,-4.080057251915381,-17.736276212009194,-1.3520035224004023
46,-13.813950571480971,-3.8409967875586037,-18.29562514176396,-1.2727863521694305
47,-14.326638491436173,-5.113807029370177,-18.781653289881493,-1.6945559068659355
48,-13.4473518792121,-4.726280884210466,-17.948089581493075,-1.5661418477170952
49,-11.973824609563765,-4.682982059109242,-16.551185729866457,-1.5517939696266025
50,-13.604958096794684,-6.4245983491021175,-18.09750027576137,-2.1289112043504366
51,-12.830081357636958,-4.497770993652184,-17.362917127039847,-1.4904208080691483
52,-13.749767079900032,-4.133498776430066,-18.234779191745233,-1.3697123742436923
53,-12.031848821241653,-5.12539941958633,-16.606192682537092,-1.6983972628660138
54,-14.905475739010498,-4.857593087388057,-19.330391000581958,-1.609654609982103
55,-11.678698628217354,-3.2580018439069103,-16.27140629955005,-1.0796000391615324
56,-14.85033405986983,-6.337742358421606,-19.278116688756608,-2.100129842204934
57,-14.14958626753201,-3.290353266911483,-18.613807781620352,-1.090320290166913
58,-13.124855454295625,-4.426548325487589,-17.642362970672252,-1.4668198406591726
59,-15.158510131604764,-4.6062798677031225,-19.570267604761316,-1.5263772593811287
60,-14.729415656407829,-2.5709386611560303,-19.163486042274624,-0.8519287625502248
61,-11.81626900031313,-4.08006158985863,-16.401823012296845,-1.3520049598592987
62,-14.823991377238176,-3.7635010998678275,-19.253143825621798,-1.2471067020421
63,-13.649237364054102,-3.733821171668472,-18.139477021123295,-1.237271700964282
64,-12.479433603973622,-3.8574324433988227,-17.030503056566992,-1.278232615105701
65,-13.216535045547984,-3.98219296659722,-17.729275223179496,-1.3195743552838812
66,-12.817315627175251,-4.14125658802077,-17.350815214562143,-1.3722830706700218
67,-13.193301079667885,-4.5865667379597745,-17.707249423525163,-1.5198449439735362
68,-12.381332784300369,-5.761782128686366,-16.937503479516756,-1.9092746136419092
69,-11.22023154600489,-3.238967983632024,-15.836779505612641,-1.0732928124370988
70,-14.558923637739774,-3.642221649936972,-19.00185960857731,-1.2069184808046751
71,-10.808199186436207,-5.291634830887171,-15.446172828741533,-1.7534824853885356
72,-13.790435834877535,-3.939760338064413,-18.2733331714639,-1.3055135076783575
73,-12.55145201671456,-3.9072622609430896,-17.098776511845404,-1.294744660079794
74,-12.214498558064424,-3.9497794334096836,-16.779344633045078,-1.3088335229040293
75,-11.613110838813279,-5.5846063351393305,-16.209229075194997,-1.8505640901934517
76,-14.632427555775497,-3.8258409488629574,-19.071541322875174,-1.2677641806565831
77,-13.584183487387358,-2.88494414976026,-18.077805946043224,-0.9559803727198446
78,-15.12067946093424,-4.20982631701704,-19.534404128965665,-1.3950049369108708
79,-14.241408149245549,-4.1129235936694375,-18.70085492548479,-1.3628944013945654
80,-14.824108422928106,-3.4016142461948506,-19.253254784935848,-1.1271887031839678
81,-14.418418969947266,-3.282979516762352,-18.868661183510017,-1.0878768597051836
82,-13.772496883179342,-3.287870500550827,-18.256327045254018,-1.0894975789504602
83,-11.923185159951954,-2.6794341240676256,-16.50317953163446,-0.8878807698295632
84,-13.06413970183744,-3.7256993321710064,-17.584804437341894,-1.2345803770609676
85,-14.004191346854633,-3.8475546424626916,-18.4759733968182,-1.274959420433508
86,-12.740682707944417,-5.351769842394716,-17.27816720713131,-1.7734093497333014
87,-12.637475858944857,-4.82764242264998,-17.180327114279727,-1.5997298952724948
88,-14.921003156119417,-4.438479085190283,-19.345110992001214,-1.470773321737262
89,-13.277798534849927,-3.3136129160157513,-17.78735301103773,-1.0980278113062236
90,-14.851810438868739,-3.607638120923762,-19.27951629604757,-1.1954585795935113
91,-13.851918256858786,-5.074568795913603,-18.331618507502135,-1.6815535820036698
92,-13.055849799254505,-4.056932788914147,-17.576945609693272,-1.3443407977127508
93,-12.727421062868638,-3.7988461837508147,-17.265595167599468,-1.2588189587480314
94,-13.390810507238193,-4.780844472168266,-17.894488360861814,-1.5842225163349322
95,-11.796814281101465,-3.794182182604666,-16.38337993848419,-1.2572734544600173
96,-13.992762336397913,-3.173904607784772,-18.465138694905225,-1.0517328421000616
97,-13.357740014085051,-2.899231642823763,-17.863137533352635,-0.9607148016151701
98,-11.583798005342516,-5.185340762875612,-16.181440509064704,-1.7182599516129549
99,-13.535779984735075,-4.606777647753613,-18.03191942552885,-1.5265422081404467
100,-12.88054163770489,-3.1802278355602454,-17.410753472544236,-1.053828162262871
101,-11.408804262975657,-4.876471630215018,-16.01554644130093,-1.6159103693560217
102,-12.47032148362437,-5.408074201016644,-17.021864766475904,-1.7920668553718766
103,-11.571166149304712,-3.7628621500726767,-16.16946550954087,-1.246894974039181
104,-14.223382978308852,-3.953184470803084,-18.683767063436797,-1.3099618459312734
105,-12.299813665383152,-4.519286548745027,-16.860223354783233,-1.4975503909342436
106,-11.670577424254668,-3.4424732288066306,-16.26370739819343,-1.1407280936880704
107,-11.72726309297486,-4.788211053511127,-16.317445412140174,-1.5866635712782018
108,-12.710463182407395,-4.204902505653374,-17.249519096922217,-1.3933733396326309
109,-12.561205145176624,-4.527613479146231,-17.108022477627436,-1.5003096755565437
110,-14.83985022393528,-3.9058971519808194,-19.268178012290647,-1.2942923056123101
111,-14.196935458627813,-5.3063934586923045,-18.658694814779174,-1.758373033620153
112,-13.655758114415118,-4.292854961617431,-18.14565869246554,-1.4225180361222
113,-14.583148424315795,-4.242939464822992,-19.024824706251376,-1.405977599721031
114,-13.107419841125811,-4.392264373756161,-17.625834009387276,-1.4554592100011199
115,-12.96333548660793,-4.836110554840323,-17.48924204130432,-1.602535969756902
116,-12.945816408700628,-3.9318537216653793,-17.472633955448202,-1.3028935019868015
117,-12.551732194176202,-3.993698250549027,-17.099042120079044,-1.3233868469889387
118,-12.327397368561943,-3.4409522872980602,-16.886372705396724,-1.1402241011825964
119,-13.930303018133994,-4.679827638836231,-18.405927261191035,-1.5507486932844206
120,-15.57969893690423,-4.460620120667647,-19.96955459218521,-1.478110169263358
121,-13.433708783993204,-4.21770594035753,-17.935155927225566,-1.397615997945978
122,-13.303761982852624,-3.5867369395106263,-17.81196635974429,-1.188532580974344
123,-12.714302940507249,-4.616867741231312,-17.253159187600875,-1.529885749929416
124,-13.549849793093905,-4.018356408436407,-18.045257603853027,-1.331557790253024
125,-13.049467301327722,-4.854758195662868,-17.57089500165868,-1.6087152154193651
126,-13.063830862106428,-3.3883036956291135,-17.584511657276902,-1.1227780025151013
127,-11.627630051714855,-3.5925767835267353,-16.222993289025688,-1.190467722859001
128,-14.784303223862194,-4.4969232451100405,-19.215519456221365,-1.4901398906838503
129,-12.365608136723871,-3.5408043552950685,-16.92259651361423,-1.17331195738547
130,-14.605990938886404,-3.819720814903993,-19.04647941006431,-1.2657361594404115
131,-13.302482885170718,-3.6260124023976714,-17.81075377514184,-1.2015472425068952
132,-14.232492575326106,-5.231394092952247,-18.69240296140915,-1.7335205866083614
133,-13.906238479089927,-4.8140724424985954,-18.383114078177254,-1.5952332277428982
134,-12.75759807389626,-3.9738458094988216,-17.29420297405366,-1.3168083681659892
135,-13.508557715874137,-4.820528502482924,-18.00611271464868,-1.5973725643503855
136,-15.026096461787242,-4.985306089499653,-19.444739445774307,-1.6519747094439818
137,-12.867238612493527,-3.668250108233262,-17.39814220464386,-1.2155434988194824
138,-12.947450346665224,-3.349371160825121,-17.474182928638637,-1.1098769766370364
139,-14.44389603328462,-3.8276662200372957,-18.892813439553823,-1.2683690185067986
140,-12.272380608299304,-4.7954898946128255,-16.834216816667748,-1.5890755518463306
141,-11.872444892641242,-4.583102409982365,-16.4550777582239,-1.5186969738988476
142,-15.200558086055038,-4.303903776159257,-19.610129065580185,-1.4261792681237617
143,-14.076665538100242,-5.6537763388907925,-18.54467893011903,-1.8734848687370742
144,-12.393078097793497,-4.666914009332713,-16.948638036708243,-1.5464695198567413
145,-14.867202922376755,-3.9384024570852993,-19.294108370413166,-1.305063548338703
146,-12.209203281025493,-4.566411979112306,-16.77432471041217,-1.5131662864762307
147,-15.126267202373633,-5.223157437726334,-19.53970130785021,-1.7307912163592287
148,-12.517630090560306,-5.862761423847629,-17.06671332585117,-1.9427359977152392
149,-14.433520588696203,-3.1676981667652537,-18.882977518083997,-1.0496762214200372
150,-14.128838342202066,-4.165072458609387,-18.594138748407563,-1.3801749062342772
151,-14.05933328167146,-3.462795611630365,-18.528247951024547,-1.1474622965349512
152,-11.324737317353506,-3.8821816818878085,-15.935850976851128,-1.2864337396360392
153,-12.57632095739909,-4.566636482931175,-17.12235226761434,-1.51324068002886
154,-14.549973722496212,-3.5827720118607354,-18.993375088926413,-1.1872187278056723
155,-13.268253813142083,-4.0450095682645015,-17.778304614858698,-1.3403898148413473
156,-12.052294145086872,-2.9411610350179695,-16.625574849542357,-0.9746088924179608
157,-11.279661297462983,-2.7236941555845995,-15.893118909994907,-0.9025471617005065
158,-11.686558222813003,-3.68076970929736,-16.27885719522674,-1.2196921035307895
159,-11.217307023776367,-3.8655837207210775,-15.834007058540001,-1.2809336937845917
160,-12.48885905453676,-4.814216284999507,-17.039438383700855,-1.595280892654427
161,-13.948866657296255,-4.063150183620334,-18.423525591116853,-1.3464010481023747
162,-13.868097094968645,-3.235955553853198,-18.346956046030282,-1.0722945873092415
163,-12.755569975284065,-4.39149745017745,-17.2922803365693,-1.455205075483934
164,-13.149764880236459,-4.60769339061412,-17.66597710646417,-1.526845656718867
165,-11.110887539271964,-4.266927405636222,-15.73312138722982,-1.4139264539826613
166,-13.623135438829948,-5.344643808700522,-18.11473239601079,-1.7710480047666843
167,-11.632426478235436,-3.821221982415679,-16.227540301367192,-1.2662335994610086
168,-14.434483344465443,-5.896985600178628,-18.883890210553243,-1.9540768206728232
169,-13.04395036461673,-3.89323803243804,-17.565664945656668,-1.2900974688353717
170,-12.321308011312137,-4.21808079929874,-16.88059999472391,-1.3977402144894402
171,-14.602993426179168,-3.938254033090527,-19.043637768017852,-1.305014365263224
172,-11.964218724510689,-4.4958353411900465,-16.542079350836136,-1.4897793933081882
173,-13.342338717464742,-3.496930805676779,-17.84853710415658,-1.1587736335429977
174,-13.688792296493702,-3.276771103595544,-18.17697509707603,-1.0858195855171782
175,-13.342516600353527,-5.285399584455364,-17.848705737135152,-1.751416319494692
176,-14.879544512504895,-4.790565504593025,-19.305808197854645,-1.5874437628195182
177,-13.414165858817872,-5.28806872309906,-17.91662923415934,-1.7523007886639408
178,-12.083871424458813,-3.490981165272,-16.655510110386963,-1.1568021085649027
179,-11.159981130904518,-3.809707214522118,-15.779662112097482,-1.2624179650739475
180,-13.086947774513435,-6.06685536250029,-17.606426490238736,-2.0103663535955274
181,-12.83387391113192,-5.950791605024053,-17.36651246775307,-1.971906449912264
182,-13.415797889113234,-4.798178643419937,-17.91817639887935,-1.58996651921115
183,-11.749209026910535,-5.636340915515969,-16.33825015751119,-1.8677073140700995
184,-13.074173707419256,-3.9431885905823805,-17.594316674633458,-1.3066495234726805
185,-11.7934878788863,-5.351678665461335,-16.380226509184215,-1.7733791365457163
186,-10.933260153064317,-3.624107054693293,-15.564730625104971,-1.2009158697960154
187,-13.244152958397514,-3.125490625025107,-17.75545700456085,-1.0356899605464154
188,-14.241924458200073,-3.4465456586428522,-18.701344386373677,-1.1420775697231766
189,-12.486637260544775,-3.7618647282364526,-17.037332122996453,-1.2465644595996528
190,-12.720665750977389,-3.583538602086078,-17.259191131926567,-1.1874727518599637
191,-12.450855937671456,-4.926520972721715,-17.00341142891254,-1.632495158045233
192,-14.653485534901122,-3.8434915400739067,-19.09150428708627,-1.2736130352231312
193,-14.06284236688532,-4.648778622533922,-18.531574563807286,-1.540460019176193
194,-12.863450275152143,-4.817676698900597,-17.394550860844237,-1.5964275657264881
195,-12.901542906038333,-3.5667936543175127,-17.430662674924346,-1.1819239992401642
196,-13.352593356490916,-3.2147113340290745,-17.858258501953394,-1.0652549164763436
197,-12.872570734560718,-3.6308417342031274,-17.403197056363563,-1.2031475322108576
198,-12.064739207394325,-4.205335825092826,-16.637372768609826,-1.3935169281590332
199,-12.716457066649035,-3.842885872978452,-17.255201299183287,-1.2734123360672478
200,-13.12872722724907,-3.073774772890736,-17.64603341143213,-1.0185529426242401
201,-12.75833563210982,-4.730900763998058,-17.29490217924011,-1.5676727315650951
202,-13.670471849007914,-3.850217409169887,-18.159607312859507,-1.2758417781420395
203,-14.595927191876735,-3.9771580428722753,-19.036938977899144,-1.3179059388400027
204,-12.82665388033658,-4.319305751941904,-17.359667878559083,-1.4312830017785494
205,-12.334371310448455,-4.36583225074032,-16.892984002305145,-1.446700430107739
206,-14.127509561242835,-4.317213655357599,-18.59287906405821,-1.4305897463224304
207,-13.93150224362728,-3.8464266153750426,-18.407064126958662,-1.2745856274934408
208,-13.64408421638512,-3.3738833956479364,-18.134591837133097,-1.1179995655558161
209,-11.916826570438344,-5.221094347162247,-16.497151588775548,-1.7301075725921211
210,-13.130267155960883,-4.722544211835167,-17.647493263850922,-1.5649036312163078
211,-12.499029073763513,-4.9492342184800915,-17.049079561927815,-1.6400216181839955
212,-14.664440697848258,-3.3375170871763116,-19.101889781560153,-1.1059489069217499
213,-14.063044622108245,-4.591920728767307,-18.531766301758623,-1.521619089281745
214,-14.521049376292904,-5.358522776455644,-18.965954808725684,-1.7756470611361541
215,-13.361895192071739,-4.106058248442945,-17.86707664208401,-1.3606194404429006
216,-13.153251253233577,-4.0913253402337535,-17.669282188065438,-1.3557374148819301
217,-12.476580104479762,-3.962276618886351,-17.027797939046817,-1.3129746997898706
218,-13.269841800177096,-3.9200229222425276,-17.779810026567887,-1.2989731446229724
219,-11.377063809572652,-4.760737689095018,-15.985456491474881,-1.5775597565105826
220,-13.435124656710995,-3.6649519452036095,-17.936498174562033,-1.2144505906178993
221,-12.531695724876691,-4.352495391123822,-17.080047547183106,-1.4422810114412932
222,-14.271449680170056,-3.8837556972241782,-18.729334296801213,-1.2869553191501737
223,-13.85180980452172,-4.416079501691894,-18.331515694686594,-1.4633507994734285
224,-15.211067880421458,-4.022902783427962,-19.620092350639553,-1.3330643169077283
225,-13.70471334904555,-3.9948332570295397,-18.19206825489519,-1.323762952681773
226,-12.80966231267936,-3.611474649850399,-17.343559872420034,-1.1967298854361097
227,-14.508351119789253,-5.325463829348798,-18.953916861560216,-1.7646923587445795
228,-13.156079459240477,-5.564007600507126,-17.671963327359975,-1.8437383129898066
229,-11.307338777002872,-5.139546961419306,-15.919357160598723,-1.7030853162952941
230,-12.370125172529246,-3.2804245152649014,-16.92687866355773,-1.0870302120208453
231,-14.0806445912395,-3.836149896594543,-18.548451072495055,-1.2711802439088316
232,-15.50426959668908,-4.87498263294982,-19.89804757766125,-1.6154169621749315
233,-14.490847724812529,-4.694157381990927,-18.937323643122284,-1.5554971225401948
234,-15.23003971877811,-4.789534371946336,-19.638077653401652,-1.5871020776704547
235,-11.458363997592546,-3.96881690850891,-16.062529069717733,-1.3151419474683457
236,-13.092922590185186,-3.5858420935918844,-17.612090615495557,-1.1882360569896222
237,-12.264280665910654,-3.659282802973318,-16.826538071283302,-1.2125720139727458
238,-13.812735609379068,-4.2607990091728,-18.294473357691366,-1.4118956948306227
239,-13.176975424457481,-4.355409444553726,-17.6917727023857,-1.4432466377201525
240,-12.632899488046977,-3.422288870740464,-17.175988714668545,-1.1340396279343135
241,-12.714519175205929,-4.310977314963638,-17.25336417809522,-1.428523217923694
242,-12.898630252983933,-2.7955591972482097,-17.427901479828776,-0.9263609916219107
243,-13.446609605248906,-4.40408690564259,-17.94738590577597,-1.4593768277616714
244,-12.667654738789224,-4.079072767420266,-17.20893669237219,-1.3516772949915823
245,-12.133071069302447,-4.655149989676499,-16.702151373698726,-1.5425712912215062
246,-13.055483248645327,-5.77036734148807,-17.57659811971577,-1.9121194849836098
247,-14.370185241936218,-3.5896391970530184,-18.82293560935554,-1.189494298464544
248,-14.258415163618409,-3.1842675017346944,-18.71697757511026,-1.055166781443917
249,-13.51226532700064,-2.7427259514570035,-18.009627529996607,-0.9088537043464573
250,-14.82666482734909,-4.916707560728851,-19.255678256326934,-1.6292432998574968
251,-12.92487484093151,-5.408441061777425,-17.45278134920307,-1.792188421568186
252,-13.049430674476714,-3.393616063067284,-17.57086027940393,-1.1245383551389154
253,-14.047930333490067,-4.161031535570481,-18.517437956148587,-1.3788358705676185
254,-13.465404093148713,-4.2959815789761935,-17.96520308030498,-1.4235540994471108
255,-11.865361040676515,-4.554919393921875,-16.448362266561347,-1.5093580027440323
256,-12.425763035314352,-3.6074833039435483,-16.97962335747801,-1.195407278082361
257,-12.672299408918363,-4.38672477952069,-17.21333983965462,-1.4536235615147053
258,-13.797380047050655,-3.61558352451824,-18.279916284604024,-1.198091438149973
259,-14.118447159067117,-3.4959625364972102,-18.584287906795627,-1.1584527793832344
260,-13.65649697796032,-4.682427636494612,-18.146359135106383,-1.5516102512908914
261,-14.125197665838362,-3.7631272421882134,-18.59068738721478,-1.246982817285458
262,-12.79781283513335,-5.276914510433317,-17.332326567706414,-1.7486046310164927
263,-13.782448276737435,-3.644559439870554,-18.265760966347088,-1.2076931513618994
264,-12.866605736330595,-3.9657440346450246,-17.397542238041407,-1.3141236930588107
265,-14.24657174168873,-4.420852735561775,-18.705750011120912,-1.46493250007389
266,-11.807065299637397,-4.5115683858425015,-16.393097904056255,-1.494992832844666
267,-12.922796741748455,-4.477181247750761,-17.45081131117754,-1.4835980094500822
268,-13.879438468530614,-3.8528338429136055,-18.357707668167023,-1.2767087825538148
269,-15.291175176688544,-3.9829261137843575,-19.696034067500744,-1.319817297359982
270,-14.269881866413147,-5.733132655190742,-18.727848009359672,-1.8997810730640663
271,-13.792285018270023,-3.2687872442148547,-18.27508619731999,-1.0831739839143983
272,-12.808850480035815,-3.676307819541502,-17.342790255073957,-1.218213572644089
273,-12.97805921328784,-4.257777208031044,-17.503200134196874,-1.410894364325832
274,-13.374222835006544,-4.7486536209771835,-17.878763247586203,-1.5735554738126933
275,-13.556062904431199,-3.8183665617464446,-18.051147633400777,-1.265287402247517
276,-13.830677331503882,-3.1033262963843677,-18.311482110265686,-1.028345394393626
277,-12.538470275215541,-4.90989819510419,-17.086469820904338,-1.6269868887971883
278,-12.81129539524013,-4.376418444737018,-17.34510803468765,-1.4502083641117602
279,-14.708988637426689,-3.5246429805295243,-19.144121228280508,-1.1679565826295035
280,-12.79880793413245,-4.415089465743227,-17.33326992155757,-1.4630227324862854
281,-12.559107568216854,-3.5613079491559008,-17.106033974669575,-1.1801062079094482
282,-15.270307402798267,-3.816954238704773,-19.676251417852765,-1.2648194025089654
283,-12.476748786523418,-4.678021842869207,-17.027957849624208,-1.5501503089095259
284,-12.519887238065696,-3.561643701959949,-17.068853101686287,-1.1802174659006348
285,-12.918286248634992,-3.818387214315977,-17.446535363705973,-1.2652942458639238
286,-13.862426488884072,-3.472594062196954,-18.341580311462103,-1.1507091969733874
287,-13.732062835157699,-3.115751066437422,-18.217995567729506,-1.0324625750701477
288,-14.631119437759244,-4.262547042748732,-19.070301226995767,-1.412474938553443
289,-11.680442875134101,-4.590151092765005,-16.273059845627134,-1.5210326871896163
290,-13.259336608447825,-3.8955408696527027,-17.76985110480854,-1.2908605571533727
291,-14.263484622050049,-3.3569271197711803,-18.721783421703453,-1.1123807854023227
292,-13.089825523199439,-3.65689134483973,-17.609154595993072,-1.2117795594504988
293,-11.345864438901687,-3.5314150142339518,-15.955879488078805,-1.1702006230575823
294,-13.032709655813479,-4.09211254642824,-17.55500875371119,-1.3559982704244078
295,-14.795831904896573,-4.352142357704436,-19.226448645841955,-1.442164027194004
296,-12.792209777595732,-5.000667643440426,-17.327014869160763,-1.6570650485630445
297,-12.377342388913902,-3.676596491640882,-16.93372058469038,-1.2183092295604325
298,-15.549833783631739,-3.064118484583944,-19.941242426882887,-1.0153531503178992
299,-12.050677269244447,-3.647902977921469,-16.624042051243737,-1.2088010954281136
300,-13.459106976213475,-5.709476673305591,-17.95923341345038,-1.891942219621623
301,-14.11622228713002,-4.766805850074474,-18.58217872819926,-1.5795705555048278
302,-11.63849446742351,-3.5032783362697884,-16.23329275511749,-1.160877006900407
303,-12.116555286314778,-4.8870001313703115,-16.686494411426413,-1.6193991857545886
304,-11.418606101239115,-3.7660325089101554,-16.024838583974688,-1.2479455319237776
305,-13.65592563181095,-4.619731265414084,-18.145817498956784,-1.5308346323941846
306,-12.34873096641037,-3.8284115960134257,-16.90659695615704,-1.2686160128215884
307,-13.673921194875692,-4.997985607127664,-18.162877292742163,-1.6561763055091716
308,-13.602269922237697,-2.9874451287502657,-18.09495188628134,-0.9899459952803835
309,-13.384417724597796,-3.9528004429042363,-17.88842800291871,-1.309834591081671
310,-12.386849800288912,-4.853667252315274,-16.942733610673887,-1.6083537108723456
311,-12.39466136660694,-3.8124277082968616,-16.950138975543382,-1.2633194517293833
312,-11.544221755736828,-4.002407722722079,-16.143922224438512,-1.3262728940047208
313,-15.057679451930383,-3.794246491524722,-19.47468012043001,-1.2572947644272858
314,-11.448201979733074,-2.9813788242776584,-16.052895476786954,-0.987935811474483
315,-14.291755092776304,-3.935370442058128,-18.748583827951936,-1.3040588332713376
316,-12.925893553117495,-3.979516920638082,-17.453747088355385,-1.3186875972460599
317,-14.380214437909721,-3.9418465632976685,-18.832443287138425,-1.3062048175521146
318,-12.505615107227996,-3.288430402954401,-17.055323121652144,-1.089683113117046
319,-13.237459442535249,-3.436497879308309,-17.749111551523423,-1.1387480495194557
320,-12.0853126804083,-4.151096900576389,-16.656876421027068,-1.3755438428639688
321,-13.18469762162996,-3.795954229389231,-17.699093345305204,-1.2578606554100813
322,-11.578450397796992,-3.246999396366357,-16.176370977111553,-1.0759541717358045
323,-11.920110168926424,-3.704558068605146,-16.500264440142253,-1.227574822715971
324,-12.024938812309482,-3.7576295810507476,-16.59964199406939,-1.245161064117828
325,-13.701949457273987,-5.72569562422821,-18.18944808549574,-1.8973166733175284
326,-12.486078765710374,-4.307138064712335,-17.036802669893437,-1.427251010319086
327,-12.191958875977626,-3.990445269573073,-16.757977014426796,-1.3223089107085695
328,-12.83880587290419,-4.007059862987372,-17.37118796751318,-1.3278144679673143
329,-14.332955145758852,-3.387060335820624,-18.787641478179395,-1.122365991914065
330,-14.820268725684027,-3.791436855166852,-19.249614751948464,-1.2563637387043691
331,-14.586797061193879,-3.104885965166748,-19.028283614011798,-1.0288622199079223
332,-12.980002316605244,-4.287010165329153,-17.505042196141773,-1.42058125320923
333,-14.536044040186358,-5.004869957131664,-18.980169750096675,-1.6584575640504529
334,-14.924166732474431,-3.948096037336868,-19.34811006238576,-1.3082756980306254
335,-11.795006196914537,-3.8344986639681555,-16.38166587467499,-1.2706330769968521
336,-14.745905557163375,-3.6317483561522756,-19.179118468190882,-1.2034479584042024
337,-15.116994947447694,-3.336132342725684,-19.530911210180413,-1.105490045866786
338,-12.264883363824342,-3.114138746700623,-16.827109428905484,-1.0319283026742565
339,-12.476715480469325,-4.70198031465533,-17.02792627548493,-1.5580893980561283
340,-11.688059062799216,-4.128370921267244,-16.280279991533664,-1.3680131632242243
341,-11.662421008604673,-4.671671633472507,-16.255975116157238,-1.5480460478802804
342,-14.71911539935169,-3.1432102671096973,-19.15372139858541,-1.041561696415505
343,-12.245750578719495,-3.9364308645678525,-16.808971548626083,-1.304410224166086
344,-12.386340520111672,-3.8168449463573673,-16.942250813065872,-1.2647831864390557
345,-13.760054074494699,-4.2733357630601265,-18.244531262620978,-1.416049983451717
346,-14.33655880235315,-3.777172934487405,-18.79105774463079,-1.251637120960769
347,-13.283882177972828,-3.2603416657298934,-17.793120304718247,-1.0803753830234464
348,-14.495488818332126,-3.6681587846776997,-18.941723399778855,-1.2155132370458843
349,-15.521341802563327,-4.105803900973648,-19.914232028830035,-1.3605351576367553
350,-14.480836516280204,-4.320708431351039,-18.927833017433638,-1.431747805918504
351,-15.10468838392357,-4.6090213774933275,-19.519244587959548,-1.5272857100876225
352,-13.159031972169476,-3.3367869362686653,-17.674762309616664,-1.1057069577190548
353,-14.536186216347058,-3.02235525378306,-18.980304533097016,-1.0015141202103894
354,-12.775774826391418,-4.598052339052494,-17.311434535419068,-1.5236509133939369
355,-13.614763401130226,-3.0899150355296,-18.106795704271462,-1.0239013214809356
356,-14.270088369036005,-3.533290066558825,-18.72804377384614,-1.1708219568260514
357,-14.456609153392453,-4.5692202548081156,-18.904865477416045,-1.5140968613182593
358,-12.819906276281912,-3.0870950995849356,-17.353271149915262,-1.022966882796672
359,-14.25352555355116,-3.534379059950199,-18.71234222476651,-1.1711828152184967
360,-13.759079642683137,-3.4709715152189458,-18.243607501263615,-1.1501715355892395
361,-13.09942687639074,-4.153168986041644,-17.618256678818423,-1.376230467260331
362,-11.996524981086164,-3.8696161507269067,-16.57270568206969,-1.2822699151253891
363,-13.613781631594579,-3.4464185457237617,-18.105864986751662,-1.1420354484725004
364,-13.789780981153065,-5.962899100789409,-18.272712370133114,-1.9759184958007103
365,-15.181105824467455,-4.574330150708117,-19.591688321595147,-1.5157901211990232
366,-12.134737873378132,-4.077766763913626,-16.703731503962473,-1.3512445262257922
367,-14.464128725355984,-3.984332170086091,-18.91199403163748,-1.3202832204966874
368,-12.086839962168728,-4.764293733021862,-16.65832428413596,-1.578738118385925
369,-12.809269638598863,-5.162466157360724,-17.34318761739173,-1.7106800218913532
370,-10.846547021534125,-2.3502517230401865,-15.482526576414358,-0.7788000049720689
371,-14.15133471572113,-5.459118960997333,-18.61546531050363,-1.8089814943175853
372,-13.015440214716945,-4.32656352466344,-17.538637323551665,-1.4336880009436337
373,-11.18584734677599,-4.555562619319864,-15.804183284743644,-1.50957114754815
374,-11.894742898060585,-3.3161884585159007,-16.476216267361444,-1.0988812656372193
375,-13.083538383242644,-5.0406633516382975,-17.603194387314026,-1.6703183768929541
376,-15.314163888865718,-4.940414716840936,-19.717827366644702,-1.637099110840179
377,-12.115071996037619,-3.3235871170863684,-16.685088252243663,-1.1013329499717006
378,-13.300001233574498,-4.287493914482288,-17.808401169428635,-1.4207415525674505
379,-12.390108494949004,-3.5688454583667095,-16.945822853211656,-1.1826039030088165
380,-13.880888799317304,-5.067396356717014,-18.359082581752805,-1.6791768597031576
381,-13.818917680216503,-4.324798652986361,-18.30033396084525,-1.4331031776000591
382,-12.596794091829977,-4.672779178215613,-17.14176079905482,-1.5484130536111862
383,-11.77058945227325,-3.8289915787786177,-16.35851880075504,-1.268808200992766
384,-13.303011124024167,-3.710154521689646,-17.81125454557492,-1.2294293124488376
385,-14.110093221374209,-3.6469325024612753,-18.57636837386275,-1.2084795101758639
386,-13.702399014651146,-3.87758119905256,-18.189874265889294,-1.2849092833321252
387,-11.8493471579734,-5.0014200452275,-16.433181105758788,-1.6573143710121085
388,-12.191764051372955,-3.8474854416956306,-16.75779232070157,-1.2749364894609871
389,-14.43498139295759,-4.042439300691347,-18.8843623605238,-1.339538108456384
390,-15.21104320812665,-3.6764383898940545,-19.62006896130407,-1.218256839580245
391,-12.990441464351088,-5.914446906966219,-17.514938508204835,-1.9598629522942779
392,-12.095300326073454,-4.427345461625054,-16.66634470911764,-1.4670839866745666
393,-14.348843493913432,-3.460647665201899,-18.802703632229935,-1.1467505341850925
394,-13.0361167290163,-3.6917087378645186,-17.55823865910746,-1.223316955889786
395,-12.219319183523346,-4.395244596245718,-16.783914585980142,-1.4564467626393962
396,-15.432961222688501,-3.7277680568055582,-19.830447239108707,-1.2352658877830436
397,-13.373947339446735,-4.873333148953851,-17.87850207779551,-1.614870374704469
398,-11.72572095093397,-4.161857625948295,-16.315983461485406,-1.3791096111137935
399,-12.24909719061621,-3.894903600204269,-16.812144136704166,-1.2906493859648926
400,-14.618464130178666,-4.979028314149625,-19.058303995409375,-1.6498944507951308
401,-11.64678157998571,-3.5543639447671693,-16.241148937826456,-1.177805181768532
402,-11.505607852773725,-4.798477803396384,-16.10731624442949,-1.5900656514823308
403,-12.854555256768363,-5.220505465447866,-17.386118383416417,-1.7299124355871776
404,-12.219117166140093,-3.90037158906561,-16.783723073500813,-1.2924613066671142
405,-13.72075561818854,-2.793489768350288,-18.20727632604274,-0.9256752475289565
406,-14.16794522040824,-4.547067611893851,-18.63121206894701,-1.506756167450174
407,-11.123202073772731,-4.683643149107109,-15.744795565936553,-1.552013034201083
408,-12.714747526662151,-4.358341908959806,-17.253580655275723,-1.4442183648214035
409,-15.299953372731235,-3.465927837813332,-19.704355797349216,-1.1485002184490112
410,-12.518413934990424,-4.090076209436299,-17.06745641037093,-1.355323491955407
411,-14.200526775225397,-3.2343767329152673,-18.662099382913677,-1.0717714153688718
412,-13.56094608025522,-3.3288792412593415,-18.055776884081954,-1.103086594609759
413,-13.666095892985798,-3.842976211394178,-18.155458906550535,-1.2734422713962523
414,-12.827598044049681,-5.32846564774716,-17.360562945759106,-1.7656870675924252
415,-13.320059509654381,-3.4059530234882285,-17.827416415152353,-1.128626438446334
416,-14.569796868800456,-4.732838952677709,-19.01216743162284,-1.5683149867493196
417,-14.323190224587833,-4.544224240798833,-18.77838433290927,-1.505813963089142
418,-12.606398746326054,-2.8609918665223666,-17.150866011517106,-0.9480433342648142
419,-12.68509349553073,-5.201019006336727,-17.225468633763143,-1.7234552317464624
420,-11.595831149665258,-4.5474677835386945,-16.19284792988267,-1.5068887718329038
421,-13.762968813319254,-4.707668536550713,-18.24729443502666,-1.5599742971062924
422,-14.281494106259974,-5.132520759458892,-18.73885641273446,-1.7007570524467441
423,-15.228354665454713,-4.664158227943782,-19.63648022285107,-1.54555633998823
424,-12.621603459615793,-4.435816822964933,-17.16528007971577,-1.4698911311982532
425,-12.855609174015692,-5.539470472197072,-17.387117496966876,-1.8356074751469609
426,-10.962574119878099,-5.005688736790503,-15.592520265644438,-1.658728882052729
427,-13.020361383325707,-3.6862641415813857,-17.543302591392774,-1.2215127867572617
428,-13.252803512612733,-4.352443624115965,-17.763657729956872,-1.4422638574719593
429,-14.544012251019023,-3.767940524513347,-18.987723613966033,-1.2485777886929839
430,-12.726564216913195,-4.989869915448219,-17.26478287763371,-1.6534870188007034
431,-12.853456521347317,-5.405658821621973,-17.385076782237263,-1.7912664740909467
432,-13.979739124708468,-4.580775988686947,-18.452792690223628,-1.5179260705531883
433,-14.68703851652091,-3.9956130047893224,-19.123312513661826,-1.3240213367319842
434,-13.387970097856572,-3.1771607817952074,-17.89179565276804,-1.0528118364522943
435,-12.14171769879414,-3.902748047793647,-16.710348378456853,-1.2932487908549062
436,-14.310306256234917,-5.391893583134433,-18.766170330910704,-1.7867051040481585
437,-13.301018310917566,-3.2862045331164214,-17.80936535874986,-1.0889455293834005
438,-12.786868821718823,-4.2584982495340595,-17.321951642989454,-1.4111332949563904
439,-11.76994097832621,-4.008355840157451,-16.357904047453253,-1.328243914318361
440,-14.820719606400434,-3.993939517391276,-19.25004218686761,-1.3234667952838564
441,-13.045225333214605,-3.9640282751423506,-17.566873615887445,-1.3135551439557136
442,-13.786050535232485,-3.3618308167051913,-18.269175907400403,-1.1140057173869122
443,-12.949850545879904,-4.022368872974969,-17.47645831749415,-1.3328873956616416
444,-12.841031909790246,-4.068559582389108,-17.373298250481163,-1.3481935538781187
445,-13.444680441654855,-4.522855591478736,-17.94555705868881,-1.4987330602081572
446,-13.006429371420957,-5.1459762133275415,-17.530095044107075,-1.7052157695437775
447,-13.993514356420544,-5.217689208061504,-18.465851609886684,-1.7289792158622586
448,-13.819534486985841,-4.576916100802242,-18.30091869366258,-1.5166470242815477
449,-12.393809846544634,-5.150532567989197,-16.94933173452432,-1.706725603149406
450,-11.295326952130026,-3.7030466270944307,-15.907969950619272,-1.2270739782129891
451,-12.622104894800835,-4.59989791384986,-17.16575544027119,-1.524262479230587
452,-15.362424436138467,-3.1824432358247168,-19.763578365459267,-1.054562276706894
453,-13.83975973788546,-4.6186860652572825,-18.320092231515417,-1.5304882857116842
454,-13.724819229192208,-4.127765317638543,-18.21112862927422,-1.367812485099229
455,-13.270999589800436,-3.192171840130009,-17.780907611130814,-1.0577860322761756
456,-11.883331334606527,-3.208641082883823,-16.465398105206997,-1.0632434248664113
457,-12.092590570220219,-3.5892150995834204,-16.663775860568776,-1.1893537658108744
458,-14.472334840438227,-4.192877503453363,-18.919773428735443,-1.3893886295348268
459,-12.803995518301203,-3.8144223824430057,-17.338187751349544,-1.2639804244327424
460,-12.490382141907297,-4.006220074552081,-17.040882270528122,-1.3275361883127723
461,-13.994123684407711,-5.066515081757372,-18.466429252818518,-1.67888483271037
462,-13.443891712754596,-3.7946408201962045,-17.94480934369136,-1.2574254326311651
463,-13.793680343831138,-4.9744611612764,-18.27640896595192,-1.6483810389994913
464,-13.633409662633955,-4.065954943974804,-18.12447236017699,-1.347330458070084
465,-11.888327203854343,-4.878127321394565,-16.470134189253926,-1.61645901369325
466,-14.146334576655883,-3.456303201874622,-18.610725178669785,-1.1453109147487095
467,-11.34108157218322,-3.3680348086178813,-15.9513453304297,-1.1160615265094265
468,-13.734579582588724,-4.408635624924184,-18.22038144429411,-1.4608841312408694
469,-11.822198423109565,-3.8588389360248,-16.40744410510787,-1.2786986828266178
470,-12.416218009871438,-2.9475766981277407,-16.97057467335813,-0.9767348427631273
471,-14.934097145413716,-5.271007285680607,-19.357524093852206,-1.746647161260495
472,-14.541879653237222,-6.155501013758357,-18.985701911268894,-2.0397407533518486
473,-14.313298261877394,-4.5379330337629415,-18.769006752259777,-1.5037292535991842
474,-13.66644204668852,-3.9932569073261814,-18.15578706026072,-1.323240599631359
475,-13.934052116527084,-4.4112318907326475,-18.409481406467677,-1.461744452628877
476,-10.805321683554258,-3.5670179980257233,-15.443444956009444,-1.1819983397371447
477,-15.061127886126602,-4.421352399613776,-19.47794923604802,-1.4650980731324537
478,-12.469347350194704,-3.763173549411758,-17.02094128798458,-1.2469981620528148
479,-14.289537136339803,-5.044061481044803,-18.74648120525013,-1.6714444108291038
480,-14.896707656817165,-4.408756370917189,-19.32207885866267,-1.4609241426911335
481,-14.455517715679045,-4.5132139651191565,-18.903830794463737,-1.4955381264131318
482,-12.91916512411272,-4.700618895401043,-17.447368537658857,-1.5576382662426225
483,-13.615417155650999,-3.9142427763779963,-18.107415463557153,-1.2970577848409048
484,-13.237719106890733,-4.423170050352921,-17.749357713332415,-1.4657003858084994
485,-13.897662189949589,-5.112934072494523,-18.374983756072215,-1.6942666362263714
486,-11.269273048608653,-4.076503577990554,-15.883270850081011,-1.3508259458696936
487,-15.046044046614371,-4.443285536018227,-19.463649756190428,-1.4723660294000074
488,-12.62195840497844,-3.7111603282626637,-17.16561656791956,-1.229762605328233
489,-12.922411434732528,-5.562470432824695,-17.450446040126444,-1.843228943637143
490,-12.885023189169099,-3.8832720648982355,-17.415001983332314,-1.2867950585048304
491,-12.256741575994933,-3.654804801638012,-16.819391014043205,-1.2110881442119026
492,-12.588656764852646,-3.051032418555011,-17.13404661308031,-1.0110168368122063
493,-12.455246731569503,-4.078151569086097,-17.007573901527895,-1.3513720386395978
494,-14.592928429905783,-6.430433603128083,-19.034096151550685,-2.130844825255751
495,-12.26840859399786,-5.24858101398229,-16.830451347109975,-1.7392157953608711
496,-13.926213817191568,-4.806960514405068,-18.402050698697614,-1.5928765569317216
497,-13.625103742738965,-4.860019109740543,-18.11659834811654,-1.6104585180067965
498,-12.810609987989352,-3.728010220639022,-17.344458268613906,-1.2353461333128424
499,-14.146478871045575,-3.7059106413802834,-18.610861969751213,-1.228023023082625
500,-11.993703308859349,-2.832083397303131,-16.570030736798667,-0.9384639705945386
501,-13.219117873014719,-5.026373744531143,-17.731723743617955,-1.6655832474695709
502,-12.068700297063174,-4.924918984813143,-16.64112788161589,-1.6319643092944758
503,-13.084174316525887,-4.563076178030068,-17.603797252066546,-1.5120609061997525
504,-14.911547296519444,-4.310381562917209,-19.336146837100443,-1.4283258043053304
505,-12.852759427513206,-5.022607570335225,-17.384415937282526,-1.6643352549869928
506,-14.490860866349763,-3.3660580779433236,-18.937336101299586,-1.1154064997120572
507,-12.416479318368268,-5.02285984789731,-16.970822393813123,-1.664418851890559
508,-14.820056238984735,-4.05930139188907,-19.24941331455753,-1.3451256787493482
509,-12.800801783019079,-4.256139339091769,-17.335160090302093,-1.410351625722328
510,-14.18813733382186,-4.70581614417217,-18.650354192463126,-1.5593604721361953
511,-11.443866994010287,-4.075621753310532,-16.04878591032176,-1.3505337367167525
512,-14.70877039329328,-3.59472951370966,-19.143914332842037,-1.1911810703956638
513,-12.722525991226952,-4.5474202071316245,-17.260954639683156,-1.5068730064977554
514,-13.59821896703961,-4.2425084278129965,-18.091111580753548,-1.4058347675204308
515,-12.134865804250039,-4.731994761650727,-16.703852782429042,-1.5680352482134063
516,-13.608516125633486,-5.052261061080343,-18.100873287100548,-1.6741614955183226
517,-13.154614693848066,-4.099184786296728,-17.670574729767974,-1.3583417897975791
518,-13.349625855537184,-3.1733927176743393,-17.855445311049255,-1.0515632177076406
519,-14.130015902636062,-3.7173793599936444,-18.59525507569899,-1.2318233981767235
520,-12.54748292707898,-5.093429430888086,-17.095013814870875,-1.6878034072746906
521,-12.491616363279089,-4.278751057196684,-17.042052312388577,-1.4178444427682013
522,-12.52450816118561,-2.9865739328931107,-17.07323373680396,-0.9896573081873195
523,-13.13366283090912,-6.038098512582968,-17.65071236370185,-2.000837231825714
524,-13.231388759746899,-3.1314844796733077,-17.743356544240065,-1.0376761367436593
525,-13.089017123189794,-4.262521172460532,-17.608388232783934,-1.4124663659480508
526,-12.815687055475166,-4.473591543983835,-17.349271328590465,-1.482408493755194
527,-13.095684908430695,-3.591513854825712,-17.6147092931923,-1.1901155014907405
528,-11.169093005811225,-4.074590547852164,-15.78830016950905,-1.3501920274401558
529,-12.62987867374391,-3.687858774709807,-17.173124982709233,-1.2220411983636326
530,-12.76037551203758,-3.129200120176645,-17.29683598541163,-1.0369191713642034
531,-11.511496851363567,-2.886922361380706,-16.112899015092662,-0.9566358902564076
532,-13.09095441262138,-4.805637244404625,-17.610224783165073,-1.5924380665892524
533,-14.892083205975226,-3.510039873502435,-19.317694879264515,-1.1631175691256268
534,-12.960863203277606,-4.0813261059434165,-17.486898316707176,-1.3524239809894367
535,-12.556336942567913,-3.5889704337272565,-17.103407421554383,-1.1892726911889029
536,-10.868663031194902,-4.379611192921329,-15.503492553572773,-1.4512663411265003
537,-13.161116205474999,-5.189624632708368,-17.676738162790308,-1.7196794922580527
538,-13.15410188697481,-4.570186797766118,-17.670088588852128,-1.5144171434621212
539,-13.882368203362194,-5.136817467304111,-18.36048505678737,-1.7021808472081568
540,-13.929786684318312,-3.425381422353635,-18.40543777673377,-1.1350644029352708
541,-12.42011626688605,-3.6369045154198254,-16.97427022100798,-1.2051565485198035
542,-12.741199522849932,-3.321548470162361,-17.278657147661736,-1.1006574060633656
543,-15.152830838468844,-4.355986193473626,-19.56488363486847,-1.4434377542959953
544,-12.151134134209151,-4.315626708102638,-16.719275159230286,-1.4300638815744282
545,-13.782421497716602,-3.646964706457201,-18.26573557983534,-1.2084901815741511
546,-13.843498631117956,-4.809713360153111,-18.32363670229983,-1.5937887640205428
547,-11.971393393159724,-4.2690806709894,-16.548880936715427,-1.4146399788580455
548,-11.461253777265545,-5.063271338254582,-16.065268580847736,-1.6778099574400795
549,-12.293920842773732,-4.917063160830426,-16.8546369589495,-1.6293611346230752
550,-11.811174935736934,-4.223449183612116,-16.396993839078622,-1.399519129355864
551,-15.62219356817045,-3.443805877646,-20.009839502625592,-1.1411696918848024
552,-15.164854259245264,-3.0899258801977636,-19.57628183776451,-1.023904915065199
553,-12.279733391216908,-5.108908503234677,-16.841187254873635,-1.6929326883224571
554,-14.20617433152982,-4.635843164087872,-18.667453266290266,-1.5361736123188585
555,-12.554056919238432,-4.400222456872527,-17.10124595943804,-1.4580962701550848
556,-14.627370976202037,-4.623788146975782,-19.066747685439534,-1.5321789562167898
557,-14.327509836327012,-3.8059574693055764,-18.782479324838008,-1.2611754166419242
558,-14.078607912988094,-4.198452480889969,-18.546520301512714,-1.3912360029088466
559,-14.822630943713943,-3.3709031161094027,-19.251854134640823,-1.117011994013306
560,-12.713068515322146,-5.119788571145111,-17.251988952525398,-1.6965380029616006
561,-11.874007316103363,-4.177694140922117,-16.45655893566599,-1.3843573374826224
562,-14.450814040730076,-3.2252971763034433,-18.89937171061211,-1.0687627339305616
563,-11.710868793917385,-5.132217185825705,-16.301903616633684,-1.7006564576276029
564,-13.024245247046728,-4.659354317424924,-17.546984494200302,-1.5439644741045533
565,-12.655432913011488,-4.30978081937059,-17.197350401534894,-1.4281267366597294
566,-15.444314591300934,-3.751743950639086,-19.841210232553287,-1.2432107500519152
567,-15.394398532944887,-3.346041233976471,-19.793889809231757,-1.1087735428980672
568,-14.461642764110195,-4.135072446976773,-18.909637340376474,-1.3702338395053082
569,-11.76218578617303,-3.642026308693347,-16.35055212529204,-1.206853750818504
570,-12.234055324572402,-5.081765656620451,-16.797884447694646,-1.6839383968298205
571,-13.789843576237947,-3.771433902236132,-18.272771710273584,-1.2497353849458381
572,-13.589140363503184,-4.685517923057603,-18.08250506460102,-1.5526342757249734
573,-13.289429188356038,-3.8715404660050634,-17.79837887056153,-1.2829075730977246
574,-12.758427871251444,-4.221532339749812,-17.294989621946378,-1.398883947177354
575,-14.429569120633168,-5.1669478656482415,-18.87923152636025,-1.7121651200203702
576,-12.768410803395513,-4.799859475482537,-17.30445344161895,-1.5905234944516677
577,-11.981647017758357,-5.62213099484169,-16.558601372834925,-1.8629985902413715
578,-13.797380774805157,-4.362217982872762,-18.2799169745153,-1.4455027746372195
579,-13.166823436699616,-3.6344351780609685,-17.682148617991245,-1.204338287255069
580,-12.778012715977683,-3.5728099814809955,-17.313556054746847,-1.1839176221269843
581,-10.990844223805018,-4.707792966800506,-15.619320324167163,-1.5600155294041684
582,-14.629037681267365,-4.451677210105387,-19.06832772184147,-1.4751467680573782
583,-12.786433279937192,-3.0817303179347166,-17.321538749380462,-1.021189161740288
584,-11.806245689165362,-3.496436793697899,-16.392320913328774,-1.1586099334049083
585,-10.711257159852504,-4.391587832596211,-15.354271787540174,-1.455235025394186
586,-14.147211339715792,-4.167315008170213,-18.611556350050574,-1.3809180171070357
587,-11.820083818268856,-3.6228492470453566,-16.405439459718885,-1.2004990716322772
588,-13.254245867517067,-5.474543055426051,-17.765025082406183,-1.8140925574007594
589,-13.984805660321753,-5.25411462788683,-18.457595765985026,-1.7410494621524442
590,-12.494685254143445,-4.654252193521291,-17.04496162092799,-1.5422737896206296
591,-12.806914044577788,-4.269383834346385,-17.340954514259742,-1.414740437724471
592,-13.748977704539467,-4.708238646746854,-18.234030863903417,-1.560163213816479
593,-12.280501757960149,-3.6989106456456144,-16.841915666546225,-1.2257034431586766
594,-14.239940010399444,-4.73609509999362,-18.699463129858675,-1.569393972255817
595,-12.930296868980607,-4.709735062794252,-17.457921431793622,-1.560659079350224
596,-13.30501100565169,-3.2485800850646895,-17.813150433357805,-1.076477962593636
597,-11.361465013293802,-4.4048023998148995,-15.97066883260253,-1.459613920180125
598,-13.214917475166088,-4.181852370172967,-17.727741766457463,-1.3857352447635751
599,-11.287572882179997,-3.712844082564326,-15.900619092306645,-1.230320548907471
600,-13.789847271215649,-4.978910560289895,-18.272775213112435,-1.6498554308443603
601,-14.786090318861456,-2.6930460981653193,-19.21721362228066,-0.8923913528411598
602,-14.07454016854619,-4.0627132169256175,-18.54266407978179,-1.346256250989486
603,-13.05406732857205,-4.692086239275284,-17.575255827486302,-1.5548108105415959
604,-15.248669958864037,-4.848890126423855,-19.655739121003112,-1.6067707205775106
605,-13.69528039636252,-7.041574365532588,-18.183125815751676,-2.3333577833926644
606,-12.971771348961369,-4.29831871879337,-17.49723923881539,-1.4243285545760598
607,-14.274591558292716,-4.432533656911131,-18.732312797261496,-1.4688031925260137
608,-12.85771298215873,-4.17749378285518,-17.389111907086484,-1.3842909450779262
609,-13.402275188048595,-3.082715986620277,-17.905356878270073,-1.0215157815528508
610,-10.85680757382973,-4.418908938985943,-15.492253579990589,-1.464288386608048
611,-11.295034619201406,-3.7397103907613194,-15.90769281900294,-1.2392232042070295
612,-12.114258294537795,-3.8558597102256176,-16.684316863221838,-1.2777114604603956
613,-14.840578855566067,-4.41910445950443,-19.26886875507664,-1.4643531760002881
614,-12.69689714714114,-3.503005809153348,-17.23665849548981,-1.1607866999270855
615,-11.813641741877035,-4.437978216941374,-16.399332371299437,-1.4706073496454475
616,-12.962183383466408,-4.883372942661235,-17.48814984752616,-1.6181972487208096
617,-12.386068494105995,-5.2541392826574,-16.941992932412486,-1.741057631973253
618,-11.949123331733135,-4.214875656113771,-16.52776891848302,-1.3966781301586795
619,-14.397061884584305,-4.561645941538995,-18.84841466658592,-1.5115869705036533
620,-12.773088780370557,-3.8029805233468883,-17.30888816379129,-1.2601889497436236
621,-12.284327553000962,-3.518216074028213,-16.845542520244916,-1.1658269065756066
622,-12.636693935900766,-3.426612986613109,-17.179585851233938,-1.1354725048598469
623,-13.194457362254596,-4.613349748969098,-17.70834557941736,-1.528719997187089
624,-13.860843969540849,-3.718814581064933,-18.340080083124732,-1.2322989856069944
625,-13.019108865874573,-3.9167999440164025,-17.542115204849097,-1.2979051503166805
626,-12.151510523469678,-3.929184245360806,-16.71963197624926,-1.3020089209273111
627,-10.829179792120913,-3.9296197520434117,-15.466062442930628,-1.3021532342377795
628,-13.394070955586447,-3.4375223776981323,-17.897579265895956,-1.1390875362830455
629,-14.438948585891042,-3.407997361190118,-18.888123259424717,-1.129303868100695
630,-14.915096199209888,-4.4546407380582025,-19.339511196850978,-1.4761287886476793
631,-14.49668910438261,-4.028578941843874,-18.942861270954715,-1.3349452184976185
632,-13.915773357658745,-3.0050457935046238,-18.392153143060497,-0.9957783057787828
633,-14.05533208773071,-3.364582838215613,-18.52445481916871,-1.1149176513491232
634,-12.871648698299175,-4.456701394349627,-17.402322965987626,-1.4768116257728559
635,-13.218111569211954,-4.780855953083252,-17.73076976761294,-1.584226320751525
636,-14.417274306724604,-3.9510942084690304,-18.867576042774925,-1.3092691982883875
637,-13.748672515837923,-3.4951258720410383,-18.23374154501436,-1.1581755349177936
638,-11.743595348526192,-3.799392303117899,-16.332928390402834,-1.2589999256468642
639,-12.28444919613898,-6.303595209532686,-16.845657837939754,-2.0888145437355288
640,-12.549952308917655,-5.379716662643419,-17.09735478885395,-1.7826700529742667
641,-13.78664352341058,-4.165304856228069,-18.26973806019323,-1.380251915545594
642,-13.622339131460171,-3.1726433807646948,-18.113977496624244,-1.0513149108631992
643,-14.595132068375616,-4.209072949249315,-19.03618520082009,-1.3947552943659902
644,-12.823003607508277,-3.5057404860966646,-17.356207419917848,-1.1616928864415454
645,-14.631055703079177,-5.476982149679788,-19.070240806519067,-1.8149007970451825
646,-12.972713151507886,-3.94498555727103,-17.49813206762948,-1.3072449821005194
647,-12.418589663469238,-4.404220540209947,-16.97282300096884,-1.4594211100828813
648,-16.05369732540074,-4.643690720701121,-20.418905064479908,-1.5387740474422484
649,-12.995542054274134,-4.756773941716508,-17.51977386745188,-1.5762462944470035
650,-12.47816622723409,-3.497156377329891,-17.029301583417922,-1.1588483809425454
651,-12.125678805922135,-4.234120600678315,-16.695143508014187,-1.4030553036229576
652,-12.235580586974171,-3.893643176530903,-16.799330396451516,-1.2902317209320668
653,-13.690133994037101,-3.2468033266096707,-18.178247026347172,-1.075889200343183
654,-13.908949588450724,-4.238504242050267,-18.385684209851295,-1.4045079054395115
655,-11.855209769310848,-4.392831710208878,-16.43873886130669,-1.4556472075793692
656,-13.145433402796037,-5.1833786983484735,-17.66187086585065,-1.71760978471871
657,-12.805529234465096,-2.956081972114599,-17.339641714272915,-0.9795532248786598
658,-13.67515401126509,-3.8020664487717237,-18.164046002679314,-1.2598860539828394
659,-12.37622287791571,-3.2327317979255588,-16.932659288264094,-1.071226335296993
660,-13.34311954620393,-3.885123827227477,-17.84927732980133,-1.2874086746962665
661,-12.834807713831097,-4.782576551729123,-17.367397712711885,-1.5847964733955222
662,-11.61639756360352,-3.8246738453853957,-16.212344890296137,-1.267377439021522
663,-13.9292880952265,-3.502179117094084,-18.40496511427473,-1.1605127600024523
664,-11.15407025517393,-2.807577196595834,-15.774058601904894,-0.9303433811931661
665,-12.654518723024943,-5.076874212082605,-17.19648374942765,-1.6823175249065958
666,-13.473285035955096,-4.236778997845381,-17.972674214085437,-1.4039362134023903
667,-13.464815690795184,-5.283546459180954,-17.964645274873835,-1.750802251665795
668,-13.494822434599907,-4.377405338667895,-17.993091668000716,-1.4505353899323392
669,-13.129020318222073,-3.9257847285412595,-17.64631126167453,-1.3008824272457864
670,-15.295471076777256,-3.9280973669874375,-19.700106580784837,-1.3016487633857654
671,-10.772358974216923,-4.8495952296976785,-15.412196307557647,-1.6070043697767766
672,-15.534786461911098,-4.545281990945938,-19.926977565891725,-1.5061644684464026
673,-14.413667460751501,-5.000809094098924,-18.864156752792425,-1.6571119208927065
674,-14.758048292564464,-4.062829514021626,-19.19062978135111,-1.346294788214275
675,-11.87849341391244,-3.5751391684874068,-16.460811756388992,-1.1846894419428877
676,-14.89191268575114,-3.7775926678454086,-19.31753322609209,-1.2517762074841787
677,-13.943151851417257,-3.5740721624269556,-18.418107955143558,-1.1843358694650807
678,-13.226330466206093,-3.8471763693829653,-17.738561281963385,-1.274834072551212
679,-13.981140863757114,-3.1431373603247548,-18.45412153884175,-1.0415375373844182
680,-13.711995379376141,-3.3040757383054675,-18.198971619648585,-1.0948674885308596
681,-15.095363418505315,-5.129140509966456,-19.51040452074304,-1.6996369433555758
682,-11.87214217346747,-3.3997810355886227,-16.45479078044717,-1.126581234454016
683,-11.631471515825409,-5.353355927669911,-16.22663499700249,-1.773934928848131
684,-11.87447023270618,-3.748770901197762,-16.456997780605466,-1.242225574337763
685,-10.568238367330785,-3.7259826887071634,-15.218689972229594,-1.2346742725656945
686,-13.266238093239435,-4.290420973986575,-17.77639371239099,-1.421711488653088
687,-11.255696540613226,-3.08445385148296,-15.870400320501343,-1.0220916556817339
688,-13.08672057268777,-4.305809023633145,-17.60621110290801,-1.4268106076213871
689,-12.847835168835875,-4.514927509855959,-17.379747740056416,-1.4961059416120026
690,-11.048628559527208,-4.728751957326205,-15.674099874431802,-1.5669606841574368
691,-14.014186943202967,-4.549102103901648,-18.485449222156415,-1.5074303345490647
692,-14.46001015837972,-3.8085233136548213,-18.908089630143976,-1.2620256573086297
693,-13.547158780510593,-4.767579882511641,-18.042706523924046,-1.5798270456756636
694,-13.665260279087011,-3.9735790986846764,-18.154666744574488,-1.3167199885335767
695,-10.504197638817525,-4.569870696925138,-15.157979361599017,-1.5143123975176254
696,-13.075388297400037,-3.5178793001344855,-17.59546810593524,-1.165715310227211
697,-15.222707327743844,-3.8273118475438572,-19.63112654670117,-1.268251590532199
698,-15.008512933195417,-5.084959661712352,-19.428070260669262,-1.6849967903444618
699,-14.094315376010325,-4.458589291919212,-18.561410976457793,-1.4774372160541782
700,-13.03966317357732,-3.3583906871706537,-17.561600688551305,-1.11286576592029
701,-10.744020969807622,-5.23310115117539,-15.385331879377627,-1.7340862523792633
702,-12.737413785199402,-4.348827072821127,-17.275068268369044,-1.44106544534498
703,-14.222544514545055,-3.6628925291724013,-18.682972199788715,-1.2137681644762255
704,-13.80612128394192,-4.308343710379514,-18.288202977176947,-1.4276505236318182
705,-12.629548646926182,-4.063688227076312,-17.172812117286018,-1.3465793388965364
706,-14.464129598036147,-4.153033788198468,-18.911994858938275,-1.3761856669183614
707,-13.47323381646719,-5.22547049708767,-17.972625658010898,-1.7315576919773146
708,-14.112667042830084,-3.5419531654131142,-18.578808356602927,-1.1736926371726186
709,-12.789815770487078,-4.987167320175356,-17.324745350421754,-1.6525914631496663
710,-13.10303956108443,-4.081732628693757,-17.621681503908036,-1.352558689930139
711,-13.741259451843657,-2.7754812399175655,-18.226713960347794,-0.9197077837481915
712,-15.73719655732443,-4.550552282050213,-20.118862336343557,-1.5079108782875217
713,-15.206962252375,-3.1664451613288014,-19.6162002152515,-1.0492610145591885
714,-12.334559175299553,-4.087537388122642,-16.89316209818398,-1.35448220587856
715,-12.10494793903425,-3.5454356278372345,-16.675490646204473,-1.1748466164364646
716,-12.57080774186987,-4.478082730648447,-17.11712573929264,-1.4838967327223007
717,-12.560572959356552,-3.399404299663711,-17.107423165470014,-1.1264563959368035
718,-12.656466002849232,-3.846101591311013,-17.198329770701072,-1.2744779246715687
719,-12.27460277430119,-4.87852008673213,-16.836323430037538,-1.6165891638570962
720,-10.825671865766306,-6.134635144119338,-15.462736928746468,-2.032826455951575
721,-14.94424320260329,-5.254647066290163,-19.36714255606793,-1.7412258956072457
722,-14.553812586903913,-4.21534934935941,-18.99701433238491,-1.396835097303295
723,-13.034298382111764,-4.792797105498126,-17.556514866241958,-1.588183245649788
724,-12.611882862567402,-3.5731889408538886,-17.1560649537139,-1.1840431974253995
725,-13.238421441610914,-3.7425238305237807,-17.75002352664715,-1.2401554902594092
726,-12.844893769850419,-3.5655604746399283,-17.376959293818206,-1.1815153620165053
727,-12.931956506633814,-3.1410150362295775,-17.459494768288863,-1.0408342654754321
728,-14.07401369668091,-4.1140430862380395,-18.542164984453503,-1.3632653662616456
729,-12.217983696895917,-2.930118379387192,-16.78264854465733,-0.9709497012871382
730,-12.003207595770238,-3.763336247624971,-16.57904080079019,-1.2470520751583836
731,-13.666761700703523,-5.102334398870179,-18.15609009226694,-1.6907542354947958
732,-15.351325522017135,-4.3592719239645366,-19.75305659487224,-1.444526542742608
733,-14.449164698807603,-3.788799299238166,-18.897808134469607,-1.2554897350603222
734,-13.561387781552725,-5.0762367299596045,-18.056195616911985,-1.682106283244389
735,-11.222628225826547,-3.805855322116225,-15.839051558083572,-1.2611415682542093
736,-14.800335488474348,-3.737799764166194,-19.23071804307368,-1.2385900822366458
737,-13.589282958612214,-3.51058127019529,-18.08264024476438,-1.163296971077743
738,-14.131315348630002,-3.409839083178967,-18.596486950501244,-1.1299141572369775
739,-11.421813499928312,-4.783785751095371,-16.027879197932048,-1.5851971642931062
740,-11.799482959071451,-3.6023935398380114,-16.38590984519974,-1.1937206892494001
741,-11.878045445040986,-3.0714134311858876,-16.46038708189885,-1.0177704677457156
742,-11.301156365766563,-3.266125581852508,-15.913496234746704,-1.082291992151252
743,-12.839697406936846,-4.844665868677778,-17.372033141776132,-1.605370933515815
744,-13.195600678521568,-4.701093999898043,-17.709429443238456,-1.5577957010318388
745,-16.097448681600202,-3.377204801396616,-20.460381350156997,-1.1191001756684416
746,-13.505663565337445,-3.829986845802935,-18.0033690599399,-1.2691380013949316
747,-13.296186801824295,-4.493209933595854,-17.80478508812944,-1.4889094152427007
748,-15.23844506932399,-3.907746228486675,-19.646045925719147,-1.2949050318057709
749,-14.456956648821983,-3.330009898375874,-18.905194903083245,-1.1034612590592685
750,-13.733567114999278,-3.3802381874134313,-18.219421625019315,-1.1201053450389464
751,-14.494948248058748,-3.415082376579004,-18.941210939159692,-1.1316516208822458
752,-14.814665098274505,-6.819733655887816,-19.244302513164236,-2.259846701970769
753,-15.05947121258082,-4.304460435172286,-19.47637870952662,-1.4263637275320207
754,-14.59872758926336,-4.390824735826337,-19.039593754621663,-1.454982158961915
755,-13.244188768580967,-4.485899470762167,-17.75549095261476,-1.4864869562203786
756,-12.658886983614238,-5.883223009088234,-17.200624860466295,-1.9495163278947514
757,-13.653755093559806,-5.031379595993613,-18.143759828694694,-1.667242030273841
758,-14.761237352348179,-4.456596542747649,-19.19365301002608,-1.476776881227282
759,-12.626014731989688,-3.864001002658324,-17.169461965926224,-1.2804092304587789
760,-14.246632026296268,-5.978896843529857,-18.705807160928867,-1.9812196480150424
761,-12.84100532780803,-4.065874067038822,-17.373273050762016,-1.3473036579798703
762,-13.264176070004929,-5.23540208193185,-17.774438914364676,-1.73484870895656
763,-13.713492129302708,-4.870965160197926,-18.20039053857897,-1.614085697200851
764,-14.013481499963854,-4.232143613994466,-18.484780461965734,-1.4024001919920925
765,-11.062681530689588,-6.0564604330891285,-15.687422091093739,-2.006921798700534
766,-11.786661109880292,-4.181209148119224,-16.373754732166525,-1.3855221010676155
767,-13.56508734893982,-3.374394951768389,-18.059702806794952,-1.1181690792743781
768,-12.21810299439231,-5.2192045555664475,-16.78276163868392,-1.729481354689677
769,-14.105459768110029,-4.127869454611732,-18.571975860168312,-1.3678469928391612
770,-13.219439981683978,-3.5824080151569238,-17.732029102636414,-1.1870981106683942
771,-14.513825173818729,-3.819740813584094,-18.959106264780157,-1.2657427863782655
772,-12.293265148071708,-3.4026618139286535,-16.85401536037199,-1.1275358344075337
773,-13.789792389415812,-4.813644406895568,-18.272723185166196,-1.5950913901148223
774,-14.111975942202736,-6.105297373767293,-18.578153193208202,-2.0231048352961856
775,-12.657833140789354,-4.712637024113587,-17.199625817468313,-1.5616206986813763
776,-13.695845852202826,-3.088761927509509,-18.18366186788828,-1.0235192175032992
777,-11.511632025073414,-3.464217796133917,-16.1130271597696,-1.1479335640539157
778,-10.74772499331017,-4.984551237496082,-15.38884329365805,-1.6517245750697018
779,-12.65995496250577,-3.3999485534709106,-17.201637304455474,-1.126636744647369
780,-12.336221133188275,-3.359333341449666,-16.89473763426249,-1.113178132102155
781,-12.538230295184738,-4.394101599101175,-17.086242319835133,-1.4560680090900946
782,-11.734712024991135,-4.768011692022034,-16.3245069996916,-1.5799701338587324
783,-12.517239406536563,-4.21115088767714,-17.066342957396664,-1.3954438582513218
784,-14.76767116993588,-4.165278481808821,-19.199752269099225,-1.3802431758869194
785,-12.949451522240118,-5.118198397790696,-17.47608004308364,-1.6960110691850216
786,-13.25872924486956,-3.7730445747195973,-17.769275324136345,-1.2502691114934406
787,-13.967995932007371,-3.7462404587794262,-18.441660143542993,-1.241387064765076
788,-12.85865208156325,-3.0469946721410013,-17.39000217332196,-1.0096788537798163
789,-11.955838298495959,-2.4402400545847303,-16.534134706974168,-0.8086193270332886
790,-14.129349797748059,-3.338230977857437,-18.59462360826516,-1.1061854679932814
791,-12.667709562172004,-4.702151737959282,-17.208988664939064,-1.558146202384214
792,-13.054318613494075,-3.3352489001575947,-17.57549404559239,-1.1051973005962723
793,-13.604457073878296,-4.193562648949256,-18.097025306036628,-1.3896156653499192
794,-13.698333406198538,-3.7665030217880924,-18.186020069076214,-1.248101445193861
795,-12.19969259786058,-4.021258795882332,-16.76530858277183,-1.332519550789213
796,-12.03284163868722,-4.6216754105248175,-16.607133873475487,-1.5314788613535968
797,-15.118890039491406,-4.127356834817086,-19.532707757437862,-1.3676771266522003
798,-13.951790350593129,-4.481346013555509,-18.42629725236229,-1.4849780827408177
799,-15.512159603343855,-4.921168459417757,-19.905527303969983,-1.6307215023355748
800,-13.13087087014253,-5.725220742132342,-17.64806558489512,-1.897159312225094
801,-12.980741620820424,-3.3352217174874466,-17.50574305653777,-1.1051882931085166
802,-15.283805074012658,-4.0222192649911666,-19.689047210164002,-1.3328378202491997
803,-13.99647302057293,-3.600134694826551,-18.468656423503138,-1.1929721785733371
804,-13.002372936390893,-4.378893109256632,-17.52624954369857,-1.4510283906311594
805,-12.998852261386574,-4.046133383300321,-17.522911943794472,-1.3407622120390261
806,-14.568858080710378,-3.4349707393211193,-19.011277460513444,-1.1382420030317753
807,-11.406905541266156,-4.7747274619020725,-16.013746453120316,-1.5821955302129709
808,-12.060793099216106,-5.109561087713987,-16.633631858056873,-1.6931489344337858
809,-12.678048608299896,-4.2093943969152114,-17.218790080668313,-1.3948618120812384
810,-13.830485070834786,-5.489927021312591,-18.311299847151385,-1.8191903231385753
811,-14.592632183384646,-3.271293584555013,-19.033815309848645,-1.0840045068112536
812,-13.380308079244429,-4.490559526678806,-17.884532059123725,-1.488031153182534
813,-13.0611602474765,-4.8305629150801614,-17.581979914607725,-1.6006976552349172
814,-11.571663460975135,-4.250507429483685,-16.169936961004428,-1.4084853868051028
815,-12.6002214334198,-4.827589514121922,-17.14500991888197,-1.5997123630390186
816,-11.001655554024946,-4.946199213288438,-15.629569465215653,-1.639015912269548
817,-13.961549961302778,-3.280557260891026,-18.43554936331504,-1.0870741997747069
818,-14.697478921031227,-3.9324637031749488,-19.133210017137603,-1.3030956308047736
819,-14.097544950665775,-3.5384240492023933,-18.564472613231153,-1.1725231983012119
820,-15.509559412889107,-3.636475376717341,-19.903062323418872,-1.2050143453590234
821,-12.284945941853254,-3.530385397825364,-16.846128752876886,-1.1698594403424467
822,-13.945118829678249,-3.4296159608059207,-18.419972650534987,-1.1364675967018734
823,-14.3040559552732,-3.708443767223246,-18.760245045599,-1.22886242185839
824,-13.174924426322288,-5.265593097456378,-17.689828356153537,-1.7448530684088248
825,-13.854744466412294,-5.0286729210981544,-18.334297754158857,-1.666345122763302
826,-14.729346383939923,-3.903282169204114,-19.16342037197505,-1.2934257820057082
827,-13.435622189110008,-3.8128751945571304,-17.936969835276294,-1.2634677346976764
828,-14.593384228257067,-4.132764589501958,-19.034528248387705,-1.3694690876299043
829,-11.689747147425189,-3.8750807976834722,-16.281880295759088,-1.2840807284247635
830,-13.12717803963629,-3.822878909240457,-17.644564781575212,-1.2667826532524629
831,-13.87365112627531,-5.417815051591878,-18.352221267709,-1.7952946689724691
832,-12.61888767340128,-4.02033605729144,-17.162705514384413,-1.332213784044256
833,-12.984335669741542,-3.9844437128546795,-17.509150214914982,-1.3203201822858612
834,-12.687345002573934,-5.269287714520388,-17.2276030624401,-1.7460773490931558
835,-14.175036603623969,-3.4476667054554655,-18.637934700235526,-1.142449049618155
836,-12.9313270621496,-3.6718247116778735,-17.458898054917825,-1.2167280107392764
837,-11.427335170993668,-3.770371331250677,-16.033113742102,-1.2493832821133588
838,-11.975359261649022,-5.703095316720197,-16.552640580043278,-1.8898276373869982
839,-12.69574414752952,-3.800493622806267,-17.235565451857994,-1.2593648685890746
840,-15.284948283437839,-5.063670516466734,-19.690130972699073,-1.6779422326302251
841,-12.499323055367938,-3.932569673862607,-17.049358256488812,-1.303130746180392
842,-14.095446121703414,-4.298752809113193,-18.562482923374844,-1.4244723985481378
843,-10.977198937976418,-4.068172976656692,-15.60638459320165,-1.3480654448150164
844,-12.411140563054456,-2.824428543345947,-16.965761253775625,-0.9359273911118127
845,-14.526186905696015,-5.720429242456082,-18.970825186599825,-1.895571558906961
846,-13.599399671445568,-3.8735643954766252,-18.092230888530402,-1.2835782401020568
847,-14.117635440539967,-4.207761903795559,-18.58351839763189,-1.3943208548564234
848,-13.134032517408045,-3.8122747669701695,-17.651062826502827,-1.2632687717512359
849,-14.60081307824278,-3.9541524443790554,-19.041570798174156,-1.3102826021372582
850,-14.004164012572307,-4.136749595423916,-18.475947483918553,-1.3707895941107218
851,-12.761929884960821,-4.015168936666624,-17.298309530942856,-1.330501561677233
852,-12.843126165985074,-5.910155176411824,-17.375283605353854,-1.958440806851569
853,-12.11316099304649,-4.501013749996852,-16.683276621408073,-1.4914953562260913
854,-12.823068502303503,-3.7919003177578237,-17.35626894018373,-1.2565173157295884
855,-15.584221678188538,-5.051485728730087,-19.97384215092274,-1.6739045745969072
856,-14.666781942664354,-3.80827894036021,-19.10410928164581,-1.2619446796324096
857,-14.382836716951742,-4.095504607253842,-18.83492920767026,-1.3571222934224525
858,-11.715990757825889,-3.845673874707578,-16.306759238418945,-1.2743361927499919
859,-11.656966832633508,-4.486332003633664,-16.250804557336572,-1.4866302841027301
860,-13.056842578504646,-3.36242369261881,-17.577886764422413,-1.1142021779447009
861,-13.995413671092393,-4.9979504478058985,-18.46765216019559,-1.6561646548082454
862,-14.267848042808506,-3.757067988939611,-18.72591994458247,-1.2449749700349289
863,-14.2844898718132,-5.267086265620923,-18.741696398478915,-1.7453478576956782
864,-12.81196224995954,-4.02800394209708,-17.345740212961648,-1.3347546815431266
865,-12.65367818893679,-4.111928532796593,-17.195686923112085,-1.3625646693045557
866,-14.345827775516252,-4.1603386605585495,-18.79984473118941,-1.378606273432359
867,-12.995971495819381,-5.16253569415257,-17.52018097803678,-1.710703064212027
868,-12.68165032529599,-4.334240810785294,-17.2222045083806,-1.4362320137449869
869,-12.375800975447692,-3.054106334693285,-16.93225932472442,-1.0120354365989126
870,-14.668972679563218,-3.7307659907865887,-19.10618610022593,-1.2362593094563112
871,-13.346249122171027,-4.271300078057361,-17.852244167818142,-1.415375421031595
872,-13.745660635743985,-5.179359951430074,-18.230886282685297,-1.7162780975256475
873,-12.453685917276403,-3.6649618319391286,-17.00609424957803,-1.214453866773213
874,-12.021039652801125,-3.839138580522783,-16.595945590855465,-1.272170600403566
875,-13.084856877850836,-4.616636478908587,-17.604444320202596,-1.5298091168197248
876,-12.054108223551896,-3.869426641896301,-16.6272945959272,-1.2822071178187233
877,-11.623214619132927,-5.362896498699355,-16.218807458938024,-1.7770963760634806
878,-13.072420694636877,-4.988112664542932,-17.59265481851576,-1.652904720742876
879,-14.73239235274113,-4.537797204837779,-19.166307950398597,-1.5036842441363496
880,-14.135099444256582,-4.556636089216493,-18.600074273155244,-1.509926861939348
881,-10.7543164504049,-4.457655949200079,-15.395091994983845,-1.4771279354323652
882,-13.338777480090647,-3.4792075901926567,-17.845161051125935,-1.1529007135609115
883,-13.034122075827447,-4.169437356904792,-17.556347727884425,-1.3816212971807684
884,-12.369720580689991,-3.9425016084776443,-16.92649511049411,-1.3064218790627802
885,-14.576716167851455,-3.8926820497979797,-19.018726927123186,-1.2899132335559726
886,-11.659649422934315,-4.449249685615609,-16.25334765294173,-1.4743423622713414
887,-13.98841415862111,-3.592546380656436,-18.461016622372817,-1.190457648297505
888,-15.148288236335695,-3.702494938354217,-19.56057724804624,-1.2268911657978832
889,-13.166952569733104,-3.714463731787776,-17.68227103610699,-1.2308572500662973
890,-13.714180423961453,-4.29098990993012,-18.201043041915465,-1.4219000162526196
891,-13.448746765555875,-3.8002411915247447,-17.949411933746973,-1.259281220747721
892,-15.152359224706391,-2.9425089878696187,-19.564436545021657,-0.9750555618863066
893,-13.366282562040777,-4.046586188888879,-17.87123586881466,-1.3409122576665489
894,-12.797105274051468,-4.238956330415267,-17.331655799800792,-1.404657713401558
895,-12.404864388015834,-3.602810207535767,-16.95981143983901,-1.1938587599087724
896,-15.191815493212314,-3.230834614333944,-19.601841087565276,-1.0705976679180385
897,-13.351482730611853,-3.7656410607446733,-17.857205628620044,-1.2478158182295918
898,-15.044012114507998,-3.7426183427940574,-19.461723484553584,-1.240186808673449
899,-12.588227333548907,-3.91232200214664,-17.13363951220437,-1.2964213002608527
900,-11.405795362590808,-5.325758093384058,-16.012694003736094,-1.7647898686537822
901,-13.31150763108031,-3.6699566120635407,-17.819309234264136,-1.2161089808818804
902,-13.059659764271302,-3.755029142987698,-17.5805574565292,-1.2442993601749608
903,-12.711554533522296,-5.43474741564104,-17.250553697779136,-1.800905525493246
904,-14.63594836694102,-4.375116619990638,-19.074879051860094,-1.449776980056594
905,-13.990157295831441,-3.95868357342537,-18.462669116448204,-1.311784076761946
906,-14.098540671886983,-4.900709630266443,-18.565416556948865,-1.6239420854379683
907,-12.945583445782338,-3.6957549202578988,-17.472413106601657,-1.2246577343422493
908,-13.893553473865294,-4.067003885471521,-18.3710886932243,-1.3476780445157543
909,-13.480721239641502,-5.578243242772607,-17.97972373518015,-1.8484555601503638
910,-12.316860145466467,-5.397038696723877,-16.87638341790222,-1.7884100339710884
911,-14.753925626595155,-3.3029092704188523,-19.186721494012215,-1.0944809575108017
912,-13.383610204386454,-3.0644698845503138,-17.887662473758358,-1.0154695932898972
913,-14.534136946231246,-4.292532951737805,-18.978361825027225,-1.4224113321068765
914,-12.364267991705901,-4.898543963889113,-16.921326056137197,-1.6232244512505711
915,-12.094195699361398,-4.984824509856467,-16.665297522994614,-1.6518151289935945
916,-12.944695177728939,-3.689544986144422,-17.47157102848703,-1.2225999561599865
917,-13.729919324341955,-4.027723313772369,-18.215963519476176,-1.3346616900824393
918,-13.463214618699604,-5.671573303045674,-17.96312745852723,-1.8793822267249127
919,-13.218313987671094,-3.0634805295502,-17.730961660312204,-1.0151417519478567
920,-12.347513600031512,-5.806236269263665,-16.905442892829882,-1.92400532719198
921,-15.55400089899468,-5.230643830564885,-19.94519285224696,-1.7332719730895452
922,-12.657167873406461,-3.8517624538047412,-17.198995143989325,-1.2763537576706674
923,-13.810511663908798,-5.010296290437555,-18.29236505738554,-1.6602556814028002
924,-13.497359726097201,-4.571006920577303,-17.995497020340157,-1.514688906543149
925,-12.624577364557144,-3.7201679470888482,-17.168099341600175,-1.232747448831517
926,-13.997319069607306,-3.1531325030249024,-18.469458477987732,-1.0448496154517484
927,-14.130291175396314,-3.9920837596120418,-18.595516034275704,-1.3228518551251067
928,-13.410843225662727,-5.318340928138254,-17.913479377928265,-1.7623320517852092
929,-12.64640369840755,-4.456153332507884,-17.188790706090362,-1.47663001519861
930,-15.166570622132037,-4.360301987472582,-19.577908949781175,-1.444867873612543
931,-14.413319474383268,-4.883938958536871,-18.86382686171534,-1.6183848087010566
932,-14.990157478063137,-3.6476800816672372,-19.410669289203863,-1.2087272345722044
933,-10.889349216524447,-3.6347046490074586,-15.523103057265175,-1.2044275815091265
934,-13.818427667568933,-4.7741177104792865,-18.299869428855352,-1.581993477638577
935,-12.989162971984836,-3.9982243509594895,-17.513726497441628,-1.324886655280777
936,-13.084708590531235,-3.2967679405142114,-17.604303743823614,-1.0924459126203434
937,-13.959504026801039,-4.908981025453141,-18.433609817407394,-1.6266829674249417
938,-13.116169384199916,-4.065503289786476,-17.63412857622152,-1.347180793980629
939,-11.874698917490157,-4.178428631086817,-16.457214573780675,-1.3846007245795544
940,-14.682959960047782,-3.7575768447737135,-19.119446042125297,-1.2451435889629603
941,-11.35715455263604,-5.121769697617584,-15.966582515898974,-1.6971944863890975
942,-12.463437198907135,-3.920026457546455,-17.015338464563968,-1.2989743161122447
943,-12.915071068560923,-2.597552057020913,-17.443487372995758,-0.860747610603263
944,-14.969927684452976,-4.438553035354897,-19.39149144486143,-1.4707978265117938
945,-14.035825923065403,-5.330725717002283,-18.505962975066005,-1.766435983944603
946,-15.263575111492145,-4.281015674288502,-19.669869205694557,-1.4185948661314174
947,-14.857400812659783,-3.493287154655622,-19.284815970401482,-1.1575662414132215
948,-12.51271000757528,-4.299400799139319,-17.062049087181364,-1.4246871222011959
949,-12.96069951569332,-4.427766396165844,-17.48674314087727,-1.4672234712324483
950,-14.630677115682122,-5.386890139335387,-19.06988190566665,-1.7850471190683392
951,-12.710091374846577,-2.8945485332750875,-17.24916662335456,-0.959162965399496
952,-13.721877047604957,-3.7862985073063404,-18.208339441129507,-1.2546610507326528
953,-11.89077591369151,-3.6239371042563695,-16.472455566179555,-1.2008595535300315
954,-13.500542266181359,-3.4969506777537074,-17.998514068339933,-1.1587802185285545
955,-12.630641134116283,-4.173503009109913,-17.173847795142237,-1.3829685273206271
956,-13.023420264718899,-3.517313775836517,-17.546202410953516,-1.1655279131404406
957,-14.00517390819802,-4.753327648280803,-18.476904864971733,-1.575104300456065
958,-11.982972516399338,-5.104925185195097,-16.559857945546575,-1.6916127411531479
959,-12.38060090555092,-4.834324100980536,-16.93680965846228,-1.601943994752164
960,-14.24771351583367,-4.369476181726572,-18.70683241301032,-1.4479079150092056
961,-11.364682603017673,-3.3494078432393493,-15.973719107660756,-1.1098891320432513
962,-13.335023500137822,-4.14226032811611,-17.841602278130665,-1.3726156787832622
963,-12.523874587928962,-2.928373496082759,-17.072633109356662,-0.970371501465872
964,-13.524091400421067,-3.7489470778945266,-18.02083864759918,-1.242283953791734
965,-12.295203148010103,-2.9524386496649457,-16.85585258431358,-0.9783459416272122
966,-15.51902304115056,-4.2296042768427355,-19.912033843010736,-1.401558734982633
967,-14.664292182057093,-4.003905562027644,-19.101748988590128,-1.3267692311618173
968,-14.935949036705253,-3.6491909731778405,-19.359279686796583,-1.209227896822307
969,-11.082928811446301,-3.641240112982269,-15.706616513251104,-1.2065932301186688
970,-14.211734335413851,-5.436185904816615,-18.672724149972332,-1.8013821958711818
971,-15.002769195212773,-4.0112585901388105,-19.422625197061716,-1.3292057949874536
972,-13.652836729990447,-5.4667824853729785,-18.142889220030945,-1.8115209469061533
973,-12.577777297975778,-3.6098406115103066,-17.123732878481047,-1.1961884161735048
974,-13.32263632168279,-4.6574033900883105,-17.829859232955293,-1.5433179977273448
975,-13.491241706135447,-3.7941553639539993,-17.989697137416407,-1.2572645675969496
976,-13.49728065659087,-3.6723914476166075,-17.995422062448153,-1.2169158093259358
977,-14.543768994156315,-4.459130802116684,-18.987493006460188,-1.4776166556181747
978,-14.14832877853527,-4.012268474247271,-18.612615682051437,-1.3295404390347265
979,-13.38920947259986,-5.238032493253197,-17.89297058002467,-1.7357203451009218
980,-11.704648560039887,-2.839137673802916,-16.29600683491782,-0.9408015374684275
981,-14.017094004249653,-4.366811926105029,-18.488205116028677,-1.4470250639209703
982,-14.002697907292205,-3.9753844537678606,-18.474557616113017,-1.3173182268133021
983,-12.78717690588984,-3.137308055061039,-17.322243706783567,-1.039605887713091
984,-12.603225853467592,-4.312184336781977,-17.147858109087277,-1.4289231872499197
985,-12.349653139934091,-3.494847760832598,-16.907471176657516,-1.1580833775508226
986,-12.956177630993459,-4.320840364007939,-17.4824563941818,-1.4317915242797685
987,-14.248336315668219,-2.924892521517364,-18.707422827253474,-0.9692180152319319
988,-14.03047287398228,-3.722402753395182,-18.50088828453521,-1.2334879938316168
989,-13.657288481713724,-3.2723693039622748,-18.147109480664614,-1.0843609666200238
990,-13.655707262297245,-4.962239605024532,-18.145610484657794,-1.64433119702877
991,-14.857106187320479,-4.324274719577181,-19.28453666557982,-1.4329295624346372
992,-15.826504816010134,-4.42042587502166,-20.20352656557761,-1.464791051824943
993,-12.530522135930699,-3.6099806092960485,-17.078934984862304,-1.196234807066543
994,-13.047374336746442,-3.3361652610633508,-17.568910871235634,-1.1055009539755911
995,-14.972279854583192,-4.975200615204367,-19.393721302144872,-1.648626070932513
996,-13.497587428525225,-4.11917210459224,-17.99571288224192,-1.3649649627263893
997,-12.487753628725839,-4.640186474751518,-17.038390440032103,-1.5376128497985309
998,-13.367913593328872,-3.976860234522528,-17.87278208647578,-1.3178072544556718
999,-13.114061163589707,-4.577624397934521,-17.632129983083043,-1.5168817318257255
1000,-14.057237945249234,-3.829769540505057,-18.52626157209628,-1.2690659932072745
